iduser,firstName,lastName,userName,password,email,dateOfBirth
1,Jayson,Tatum,jt00,CurrysBetter,jt00@gmail.com,1999-01-01
2,"Lebron ",James,THEKING,CLEVELAND,lbj@hotmail.com,1987-12-31
3,"Stephen ",Curry,Splash,RileyCurr,wardell30@gmail.com,1990-05-06
4,Derrick,Rose,drose,2010MVP,drose@yahoo.com,1995-06-20
5,Steve,Kerr,skerr,nickkerrmvp,skerr@gmaill.com,1960-10-09
6,Brad,Stevens,bsteve,celticsChip2021,bsteve@celtics.org,1975-01-03
7,Billy,Donovan,bdon,bullssuck,bdon@nba.com,1965-05-30
8,Frank,Vogel,vogelcash,lakernation,lakeshow@aol.com,1970-04-04
